_unit_id,_unit_state,_trusted_judgments,_last_judgment_at,comments,describe_why_this_is_not_annotatable,not_annotatable,not_annotatable:confidence,please_explain_the_revisions_write_na_if_not_annotatable,aligned,id,original,revised
3471075662,finalized,1,6/22/2023 16:12:02,,,,1.0,-These optional style edits simplify the structure of the sentence.,That {made=>disappointed} me so {disappointed=>much} .,fce_dev_570,That made me so disappointed .,That disappointed me so much .
3471075663,finalized,1,6/22/2023 16:04:25,,,,1.0,-These two edits clarify the meaning of the sentence.,"Because of the open cells with liquid electrolyte in most cheap car batteries , overcharging with {=>voltages that are} too high {charging voltages=>} will generate oxygen and hydrogen gas , forming an extremely explosive mix .",wiki_dev_677,"Because of the open cells with liquid electrolyte in most cheap car batteries , overcharging with too high charging voltages will generate oxygen and hydrogen gas , forming an extremely explosive mix .","Because of the open cells with liquid electrolyte in most cheap car batteries , overcharging with voltages that are too high will generate oxygen and hydrogen gas , forming an extremely explosive mix ."
3471075666,finalized,1,6/22/2023 14:09:50,,,,1.0,"-The spelling of 'specifying' is corrected.
-This parenthetical is set off with commas.","Later , a new law was proposed in 1998 , {specifing=>specifying} that a lawyer who was once a judge or a prosecutor must not serve as a lawyer {=>,} within two years {=>,} at criminal trials of a court of which he was a member directly before .",wiki_test_627,"Later , a new law was proposed in 1998 , specifing that a lawyer who was once a judge or a prosecutor must not serve as a lawyer within two years at criminal trials of a court of which he was a member directly before .","Later , a new law was proposed in 1998 , specifying that a lawyer who was once a judge or a prosecutor must not serve as a lawyer , within two years , at criminal trials of a court of which he was a member directly before ."
3471075668,finalized,1,6/22/2023 16:18:56,,,,1.0,"-'Don,' meaning to wear, is the correct word here. 'Dawn' refers to the beginning of something, especially the day.","However , it is still unclear whether he will {dawn=>don} the mask upon his return or not .",wiki_test_667,"However , it is still unclear whether he will dawn the mask upon his return or not .","However , it is still unclear whether he will don the mask upon his return or not ."
3471075670,finalized,1,6/22/2023 13:23:15,,,,1.0,"-'The' is inserted here to make the following noun phrase, 'plays and films,' definite as opposed to indefinite, which makes more sense in the context of the sentence.",You certainly saw that {=>the} plays and films had a lot of success .,fce_test_28,You certainly saw that plays and films had a lot of success .,You certainly saw that the plays and films had a lot of success .
3471075671,finalized,1,6/23/2023 12:50:24,,,,1.0,"-Though sometimes more exclamation points are used for stylistic effect, using only one is considered grammatical.","Bradley has three sons : Kevin , Kyle , and Allyn {!!=>!}",wiki_test_492,"Bradley has three sons : Kevin , Kyle , and Allyn !!","Bradley has three sons : Kevin , Kyle , and Allyn !"
3471075672,finalized,1,6/23/2023 16:36:42,,,,1.0,"- An article is needed before ""season.""
- A comma was correctly added before a conjunction that conjoins two independent clauses.
- Two commas were added after phrases that provides more information. 
- Corrects a spelling error.
- Corrects a spelling error.","He started to shine in {=>the} 2003-04 season with Persepolis {=>,} where he was used as the defensive midfielder {=>,} and moved to Esteghlal Ahvaz {=>,} where he stayed for 4 seasons {=>,} and had excellent {season=>seasons} in 2007-08 {seasons=>,} where he played the most {minuted in the league than=>minutes of} any {other payer=>player} in the league .",wiki_dev_379,He started to shine in 2003-04 season with Persepolis where he was used as the defensive midfielder and moved to Esteghlal Ahvaz where he stayed for 4 seasons and had excellent season in 2007-08 seasons where he played the most minuted in the league than any other payer in the league .,"He started to shine in the 2003-04 season with Persepolis , where he was used as the defensive midfielder , and moved to Esteghlal Ahvaz , where he stayed for 4 seasons , and had excellent seasons in 2007-08 , where he played the most minutes of any player in the league ."
3471075673,finalized,1,6/22/2023 16:20:51,,,,1.0,"-'Learned' is the correct spelling of 'learn' in the past tense.
-The possessive 'your' is meant here instead of the pronoun 'you.'",I {learnt=>learned} from {you=>your} letter that I 've won the first prize .,fce_test_215,I learnt from you letter that I 've won the first prize .,I learned from your letter that I 've won the first prize .
3471075675,finalized,1,6/22/2023 18:20:30,,,,1.0,- Putting the comma and period inside the quotations follows American English rules.,"A similar sentence with visual predicates is claimed to be , "" I can see it clearly {"" ,=>,""} or with auditory predicates , "" That sounds right to {me .=>me. ""}",wiki_test_537,"A similar sentence with visual predicates is claimed to be , "" I can see it clearly "" , or with auditory predicates , "" That sounds right to me .","A similar sentence with visual predicates is claimed to be , "" I can see it clearly ,"" or with auditory predicates , "" That sounds right to me. """
3471075677,finalized,1,6/23/2023 14:30:11,,,,1.0,"-This edit improves the word choice in order to make the sentence sound more natural.
-This edit corrects the conjugation of the verb.",Carrots have also been proven to {show improvements in=>benefit} many areas of health such as {improved=>improving} vision as well as lowering your risk of cancer by lowering cholesterol levels in the body .,wiki_test_396,Carrots have also been proven to show improvements in many areas of health such as improved vision as well as lowering your risk of cancer by lowering cholesterol levels in the body .,Carrots have also been proven to benefit many areas of health such as improving vision as well as lowering your risk of cancer by lowering cholesterol levels in the body .
3471075678,finalized,1,6/22/2023 20:48:41,,it looks like the sentence isn't finished so a period is incorrect,not_annotatable,1.0,,"American style guides , including those published by the Associated Press and the Modern Language Association , require capitalization where the colon is followed by an independent clause {=>.} ( i.e.",wiki_test_935,"American style guides , including those published by the Associated Press and the Modern Language Association , require capitalization where the colon is followed by an independent clause ( i.e.","American style guides , including those published by the Associated Press and the Modern Language Association , require capitalization where the colon is followed by an independent clause . ( i.e."
3471075679,finalized,1,6/23/2023 17:48:55,,,,1.0,- The period was moved inside the quotes to adhere to certain style guides.,"We know what you have done and your dog will be sold {=>.} "" {.=>}",fce_test_677,"We know what you have done and your dog will be sold "" .","We know what you have done and your dog will be sold . """
3471075680,finalized,1,6/22/2023 16:58:08,,,,1.0,"- Changing ""Single-Player"" to ""Single-player"" aligns with American English capitalization rules.
- ""while"" is the American English spelling.","{Single-Player=>Single-player} mode is rated by Pegi international as a 13 + game , {whilst=>while} the multiplayer mode is unrated .",wiki_dev_735,"Single-Player mode is rated by Pegi international as a 13 + game , whilst the multiplayer mode is unrated .","Single-player mode is rated by Pegi international as a 13 + game , while the multiplayer mode is unrated ."
3471075681,finalized,1,6/22/2023 13:57:39,,,,1.0,"-'Put' requires a direct object, so 'that' was inserted to make the sentence grammatical.",Why do you put {=>that} on the paper then ?,fce_dev_181,Why do you put on the paper then ?,Why do you put that on the paper then ?
3471075683,finalized,1,6/22/2023 19:59:45,,,,1.0,"- A comma was added to adhere to English grammar rules.
- ""to"" was deleted because it is not needed before the verb ""go.""","First of all {=>,} I recommend you {to=>} go on the 8 a.m. boat .",fce_test_630,First of all I recommend you to go on the 8 a.m. boat .,"First of all , I recommend you go on the 8 a.m. boat ."
3471075684,finalized,1,6/23/2023 16:57:00,,,,1.0,"- The pronoun was changed to be grammatical.
- Three spelling errors were corrected.","During the afternoon , Tim and {me=>I} spent the hours before the {concer laying on=>concert playing in} the park next to the sport hall where the concert was to be held .",fce_test_202,"During the afternoon , Tim and me spent the hours before the concer laying on the park next to the sport hall where the concert was to be held .","During the afternoon , Tim and I spent the hours before the concert playing in the park next to the sport hall where the concert was to be held ."
3471075685,finalized,1,6/23/2023 17:43:34,,,,1.0,"- A comma was added after the introductory phrase.
- The tense was changed to match the tense of the rest of the sentence.","The first thing that annoyed me {=>,} were the forty-five minutes we {were waiting=>waited} for the beginning .",fce_dev_238,The first thing that annoyed me were the forty-five minutes we were waiting for the beginning .,"The first thing that annoyed me , were the forty-five minutes we waited for the beginning ."
3471075686,finalized,1,6/23/2023 17:54:58,this word can be capitalized and not capitalized,,,1.0,"- ""Dadaist"" was de-capitalized to adhere to certain capitalization rules.","Hitler 's opinion was that abstract , {Dadaist=>dadaist} , expressionist , and modern art were decadent , an opinion that became the basis for policy .",wiki_dev_291,"Hitler 's opinion was that abstract , Dadaist , expressionist , and modern art were decadent , an opinion that became the basis for policy .","Hitler 's opinion was that abstract , dadaist , expressionist , and modern art were decadent , an opinion that became the basis for policy ."
3471075687,finalized,1,6/23/2023 16:58:41,,i think these corrections make the sentence less grammatical and harder to read.,not_annotatable,1.0,,Spamming is the abuse of electronic messaging systems {to=>} indiscriminately {send=>sending} unsolicited bulk messages .,wiki_dev_84,Spamming is the abuse of electronic messaging systems to indiscriminately send unsolicited bulk messages .,Spamming is the abuse of electronic messaging systems indiscriminately sending unsolicited bulk messages .
3471075688,finalized,1,6/23/2023 12:31:02,,,,1.0,"-'Vacuum' is spelled with two u's. 
-This edit inserts an Oxford comma.
-The singular form of the word is more typical in this context.","He is known for his zany stage show , where he has played the {vacum=>vacuum} , jumped rope with his microphone wire {=>,} and stopped songs to tell the {audiences=>audience} his thoughts on different topics .",wiki_test_178,"He is known for his zany stage show , where he has played the vacum , jumped rope with his microphone wire and stopped songs to tell the audiences his thoughts on different topics .","He is known for his zany stage show , where he has played the vacuum , jumped rope with his microphone wire , and stopped songs to tell the audience his thoughts on different topics ."
3471075689,finalized,1,6/22/2023 17:20:10,,,,1.0,"- Changing ""are people"" to ""were"" corrects the tense of the sentence.
- Removing ""from"" and adding ""represented"" complete the sentence given the first change.","First of all , you must invite artists and stars from more countries around the world , because there {are people=>were} only {from=>} six countries {=>represented} .",fce_test_458,"First of all , you must invite artists and stars from more countries around the world , because there are people only from six countries .","First of all , you must invite artists and stars from more countries around the world , because there were only six countries represented ."
3471075691,finalized,1,6/22/2023 16:15:14,,,,1.0,- A comma was added before 'but' to join two independent clauses,"It was dangerous {=>,} but I knew I had to do it .",fce_dev_664,It was dangerous but I knew I had to do it .,"It was dangerous , but I knew I had to do it ."
3471075692,finalized,1,6/22/2023 16:42:44,,,,1.0,"- Removing ""And"" follows traditional grammar rules, but it is okay to start a sentence with a conjunction depending on the audience.",{And what=>What} is the weather like ?,fce_test_750,And what is the weather like ?,What is the weather like ?
3471075693,finalized,1,6/22/2023 14:00:33,,,,1.0,"-This 'to' is ungrammatical with 'going.'
-The past participle 'called' should be used in this context instead of 'call.'","Driscoll suggests {to=>} going to Whitewood , where the events surrounding Elizabeth Selwyn actually happened , and suggests she stay at a hotel {call=>called} the Raven 's Inn .",wiki_dev_315,"Driscoll suggests to going to Whitewood , where the events surrounding Elizabeth Selwyn actually happened , and suggests she stay at a hotel call the Raven 's Inn .","Driscoll suggests going to Whitewood , where the events surrounding Elizabeth Selwyn actually happened , and suggests she stay at a hotel called the Raven 's Inn ."
3471075694,finalized,1,6/22/2023 16:00:58,,incorrect,not_annotatable,1.0,,"Thus , LPLs have a free alcohol in either {=>,} the sn-1 or sn-2 position .",wiki_test_568,"Thus , LPLs have a free alcohol in either the sn-1 or sn-2 position .","Thus , LPLs have a free alcohol in either , the sn-1 or sn-2 position ."
3471075695,finalized,1,6/22/2023 16:25:41,,A comma is not needed there.,not_annotatable,1.0,- Incorrect,"Many black Canadians today are of Caribbean Ancestry , with some of recent African origin {=>,} and smaller numbers from Latin American countries .",wiki_test_576,"Many black Canadians today are of Caribbean Ancestry , with some of recent African origin and smaller numbers from Latin American countries .","Many black Canadians today are of Caribbean Ancestry , with some of recent African origin , and smaller numbers from Latin American countries ."
3471075696,finalized,1,6/22/2023 13:52:35,,,,1.0,-'Situation' cannot be left on its own like this without either being plural or receiving an article. An alternative correction would be to insert 'a' before 'situation.',Some people will do crazy things in {situation=>situations} like this .,fce_dev_394,Some people will do crazy things in situation like this .,Some people will do crazy things in situations like this .
3471075698,finalized,1,6/22/2023 18:36:25,,,,1.0,"- ""The"" is added because ""time"" requires an article in this usage.
- ""together"" is not needed in this sentence because ""with"" is used.","Over the years Tarkovsky wrote several screenplay variants , at {=>the} time working {together=>} with Aleksandr Misharin .",wiki_test_915,"Over the years Tarkovsky wrote several screenplay variants , at time working together with Aleksandr Misharin .","Over the years Tarkovsky wrote several screenplay variants , at the time working with Aleksandr Misharin ."
3471075699,finalized,1,6/22/2023 14:08:33,,,,1.0,-This non-restrictive clause should have a comma following it.,"According to Statistisk sentralbyrå ( SSB ) {=>,} there were 192 homosexual partnerships recorded in 2004 .",wiki_dev_887,According to Statistisk sentralbyrå ( SSB ) there were 192 homosexual partnerships recorded in 2004 .,"According to Statistisk sentralbyrå ( SSB ) , there were 192 homosexual partnerships recorded in 2004 ."
3471075701,finalized,1,6/23/2023 12:36:58,,,,1.0,-The comma isn't necessary here because what follows is a dependent clause.,"The first attempt at execution failed : Kemmler was electrocuted for 17 seconds {,=>} but remained alive .",wiki_dev_683,"The first attempt at execution failed : Kemmler was electrocuted for 17 seconds , but remained alive .",The first attempt at execution failed : Kemmler was electrocuted for 17 seconds but remained alive .
3471075702,finalized,1,6/23/2023 17:07:54,,,,1.0,"- ""question"" was changed to ""request"" to fix a lexical error.",Now I hope that you can understand my {question=>request} for some money back because of the trouble I had .,fce_dev_611,Now I hope that you can understand my question for some money back because of the trouble I had .,Now I hope that you can understand my request for some money back because of the trouble I had .
3471075703,finalized,1,6/23/2023 17:10:16,,,,1.0,"- The article was changed to account for ""earlier"" starting with a vowel, and ""earlier"" was moved to make the sentence more grammatical.","Tipp led by 7 points midway through the half , but Louth , after missing {a=>an earlier} penalty {earlier=>} , scored from their second and made a tight finish .",wiki_test_770,"Tipp led by 7 points midway through the half , but Louth , after missing a penalty earlier , scored from their second and made a tight finish .","Tipp led by 7 points midway through the half , but Louth , after missing an earlier penalty , scored from their second and made a tight finish ."
3471075704,finalized,1,6/22/2023 16:34:22,,,,1.0,-This edit substitutes the intended word. 'Brake' means to stop a vehicle.,Some people have raised concerns that cloud computing could {brake=>break} EU data protection rules .,wiki_dev_178,Some people have raised concerns that cloud computing could brake EU data protection rules .,Some people have raised concerns that cloud computing could break EU data protection rules .
3471075706,finalized,1,6/23/2023 17:49:11,,This is meaning changing.,not_annotatable,1.0,,They {just=>will} look funny !,fce_dev_551,They just look funny !,They will look funny !
3471075709,finalized,1,6/22/2023 17:11:53,,,,1.0,"- ""have"" was changed to ""did,"" which is the correct form for English.",I {have=>did} not expect it .,fce_dev_527,I have not expect it .,I did not expect it .
3471075710,finalized,1,6/23/2023 13:14:33,,-Bad edit,not_annotatable,1.0,-This edit changes the meaning without really benefitting the sentence.,Can I wash {any=>my} clothes there ?,fce_dev_323,Can I wash any clothes there ?,Can I wash my clothes there ?
3471075711,finalized,1,6/22/2023 16:23:21,,,,1.0,"-The comma is needed here because this is a nonrestrictive clause.
-This edit corrects the spelling of 'professor.'","In addition to his judgeship , between 1896 and 1900 {=>,} Taft also served as the first dean and a {orofessor=>professor} of Constitutional Law at the University of Cincinnati .",wiki_test_146,"In addition to his judgeship , between 1896 and 1900 Taft also served as the first dean and a orofessor of Constitutional Law at the University of Cincinnati .","In addition to his judgeship , between 1896 and 1900 , Taft also served as the first dean and a professor of Constitutional Law at the University of Cincinnati ."
3471075713,finalized,1,6/22/2023 20:03:17,,,,1.0,- The article was corrected because it precedes a word that starts with a consonant.,"The Lycée 's secondary school accommodates approximately 309 students on {an=>a} campus in Bethesda , Maryland , from downtown Washington , D.C .",wiki_test_930,"The Lycée 's secondary school accommodates approximately 309 students on an campus in Bethesda , Maryland , from downtown Washington , D.C .","The Lycée 's secondary school accommodates approximately 309 students on a campus in Bethesda , Maryland , from downtown Washington , D.C ."
3471075714,finalized,1,6/23/2023 12:56:15,,,,1.0,"-This edit adds a comma after this introductory phrase.
-This edit adds a comma because two independent clauses are being joined with coordinating conjunction.
-This edit adds a comma and the word 'like' to make this a nonrestrictive clause expanding on what kind of buildings are included.
-This edit adds the necessary period to the abbreviation for et cetera.","After some intense public debate {=>,} a local harbor board was established in 1906 {=>,} and a boom in architectural creativity soon followed during which many of the currently listed heritage {buildings St Monicas ,=>buildings, like St. Monica's} Central Hotel {etc=>, etc.} were constructed .",wiki_test_488,"After some intense public debate a local harbor board was established in 1906 and a boom in architectural creativity soon followed during which many of the currently listed heritage buildings St Monicas , Central Hotel etc were constructed .","After some intense public debate , a local harbor board was established in 1906 , and a boom in architectural creativity soon followed during which many of the currently listed heritage buildings, like St. Monica's Central Hotel , etc. were constructed ."
3471075716,finalized,1,6/22/2023 20:15:28,,,,1.0,"- ""Style"" is more correct when talking about types of art.",Bridget Flannery ( 1959- ) is an Irish painter working in an abstract {manner=>style} .,wiki_dev_614,Bridget Flannery ( 1959- ) is an Irish painter working in an abstract manner .,Bridget Flannery ( 1959- ) is an Irish painter working in an abstract style .
3471075717,finalized,1,6/23/2023 17:29:58,,,,1.0,"- Adding ""There are"" before ""activities"" makes the sentence more grammatical and natural.
- The spelling of ""programme"" to ""program"" was changed to adhere to the American English spelling.
- A comma was added to the list to adhere to the rules of English grammar and certain style guides.","{Activities=>There are activities} connected with the social {programme=>program} such as international evenings , sing along parties {=>,} and indoor games .",fce_dev_62,"Activities connected with the social programme such as international evenings , sing along parties and indoor games .","There are activities connected with the social program such as international evenings , sing along parties , and indoor games ."
3471075720,finalized,1,6/22/2023 14:15:27,,,,1.0,"-The comma is inserted because two independent clauses are being joined by a coordinating conjunction.
-In American English, 'advert' is not used as an abbreviated form of 'advertisement.' 'Ad' would be an alternative, abbreviated form that would work though.
-The semicolon replaces the comma here because the two complex independent clauses are being joined without a coordinating conjunction (the but here applies to the structure within the second complex independent clause).
-These different changes simplify the sentence structure to the benefit of the sentence.","Firstly , I am a fan of Danny Brook {=>,} so your {advert=>advertisement} attracted me {=>;} but when I went {=>,} there {=>was} a different actor {was=>} in the musical show {instead of him=>} .",fce_dev_579,"Firstly , I am a fan of Danny Brook so your advert attracted me but when I went there a different actor was in the musical show instead of him .","Firstly , I am a fan of Danny Brook , so your advertisement attracted me ; but when I went , there was a different actor in the musical show ."
3471075722,finalized,1,6/22/2023 20:14:52,I think the last deletion is incorrect.,,,1.0,"- The preposition ""in"" was changed to ""with"" because that is the correct preposition.
- Since this doesn't seem to be a contrasting sentence, ""as"" is more correct.",I was already happy to help {in=>with} such a big concert {than the=>as} Mylene Farmer {'s concert=>} .,fce_dev_842,I was already happy to help in such a big concert than the Mylene Farmer 's concert .,I was already happy to help with such a big concert as Mylene Farmer .
3471075723,finalized,1,6/23/2023 16:38:30,,,,1.0,"- ""you"" is added because ""tell"" requires a direct object.
- ""the"" was added because an article is needed in this noun phrase.","Secondly , I would like to tell {=>you} more about {=>the} end-of-conference party .",fce_dev_780,"Secondly , I would like to tell more about end-of-conference party .","Secondly , I would like to tell you more about the end-of-conference party ."
3471075724,finalized,1,6/22/2023 14:00:56,,,,1.0,-The first word in a sentence must be capitalized.,{it=>It} will be on the 14th and we all want to go .,fce_dev_700,it will be on the 14th and we all want to go .,It will be on the 14th and we all want to go .
3471075726,finalized,1,6/22/2023 20:43:02,,,,1.0,"- A comma is inserted after an introductory phrase.
- The spelling error was corrected.
- ""Something interesting"" is more natural and fluent.","If you are going shopping {=>,} someone can easily steal your wallet {which=>while} you are looking at {some=>something} interesting {things=>} .",fce_dev_530,If you are going shopping someone can easily steal your wallet which you are looking at some interesting things .,"If you are going shopping , someone can easily steal your wallet while you are looking at something interesting ."
3471075727,finalized,1,6/22/2023 13:20:47,,,,1.0,-The comma is replaced by a semicolon because the two joined clauses are independent clauses and there is no coordinating conjunction. A comma is inserted after 'however' because it is an introductory phrase.,"Nerva sought to involve the Senate in his government {, however this=>; however, he} was not entirely successful .",wiki_test_467,"Nerva sought to involve the Senate in his government , however this was not entirely successful .","Nerva sought to involve the Senate in his government ; however, he was not entirely successful ."
3471075728,finalized,1,6/23/2023 16:26:50,,,,1.0,- A comma was correctly added after the introductory phrase.,"According to the account by the Chechen fighter {=>,} Dalkhan Kozayev , the attacking forces numbered 42 tanks and 8 BTR-type wheeled APCs , a number of other vehicles , and more than 3,000 men .",wiki_dev_244,"According to the account by the Chechen fighter Dalkhan Kozayev , the attacking forces numbered 42 tanks and 8 BTR-type wheeled APCs , a number of other vehicles , and more than 3,000 men .","According to the account by the Chechen fighter , Dalkhan Kozayev , the attacking forces numbered 42 tanks and 8 BTR-type wheeled APCs , a number of other vehicles , and more than 3,000 men ."
3471075729,finalized,1,6/22/2023 13:36:55,,,,1.0,"-The time is rewritten to reflect the standards of American English.
-The time is rewritten to reflect the standards of American English.",The show can be seen between {10.00=>10 : 00} - {19.00=>7 : 00} .,fce_dev_74,The show can be seen between 10.00 - 19.00 .,The show can be seen between 10 : 00 - 7 : 00 .
3471075732,finalized,1,6/22/2023 13:21:38,,,,1.0,-'Rumoured' is replaced with 'rumored' to reflect American English spelling conventions.,Mulcair later clarified that he had actually been referring to the {rumoured=>rumored} existence of pictures showing Bin Laden reaching for a gun before he was killed .,wiki_test_898,Mulcair later clarified that he had actually been referring to the rumoured existence of pictures showing Bin Laden reaching for a gun before he was killed .,Mulcair later clarified that he had actually been referring to the rumored existence of pictures showing Bin Laden reaching for a gun before he was killed .
3471075733,finalized,1,6/22/2023 13:54:46,,,,1.0,"-A comma splice is removed.
-This extra closing parenthesis is deleted.","Lansky had apparently already obtained the approval of the Duke of Windsor for Lansky 's plans to develop gambling on the islands {,=>} and was working with Christie , a property developer and Bahamian legislator , and other notable Bahamians , including Stafford Sands ( who served as the jury foreman at the de Marigny murder trial ) {)=>} , to bring this about .",wiki_test_215,"Lansky had apparently already obtained the approval of the Duke of Windsor for Lansky 's plans to develop gambling on the islands , and was working with Christie , a property developer and Bahamian legislator , and other notable Bahamians , including Stafford Sands ( who served as the jury foreman at the de Marigny murder trial ) ) , to bring this about .","Lansky had apparently already obtained the approval of the Duke of Windsor for Lansky 's plans to develop gambling on the islands and was working with Christie , a property developer and Bahamian legislator , and other notable Bahamians , including Stafford Sands ( who served as the jury foreman at the de Marigny murder trial ) , to bring this about ."
3471075734,finalized,1,6/22/2023 16:01:51,,,,1.0,"-'On' should be lowercase here.
-This revision changes the date format to follow the standard in American English.","Version 1.02 was released {On=>on December} 5 {December=>,} 2008 .",wiki_dev_588,Version 1.02 was released On 5 December 2008 .,"Version 1.02 was released on December 5 , 2008 ."
3471075735,finalized,1,6/22/2023 16:29:05,,,,1.0,"-This comma is necessary because the preceding is an introductory phrase.
-This comma is necessary because the preceding is a nonrestrictive clause.
-This comma is necessary because what follows is direct address.
-This comma is replaced with a period (and the capitalization fixed) because there are two independent clauses without coordinating conjunction. Alternative solutions include replacing the comma with a semicolon or adding 'and' after the comma.
-This comma is added assuming what would follow the and is an independent clause, which may not be the case.","Yesterday {=>,} as I was arriving home {=>,} I saw him in your yard {=>,} Mack {, he=>. He} looked very satisfied , Curly was laying on the grass {=>,} and ... """,fce_test_52,"Yesterday as I was arriving home I saw him in your yard Mack , he looked very satisfied , Curly was laying on the grass and ... ""","Yesterday , as I was arriving home , I saw him in your yard , Mack . He looked very satisfied , Curly was laying on the grass , and ... """
3471075736,finalized,1,6/22/2023 16:09:00,,,,1.0,"-This edit changes this phrase to 'English professor' because that is a more typical phrasing.
-I don't know if this is correct because it is in German.","Richard Lederer , an author and {=>English} professor {of English=>} , reports going to Germany and asking a vendor for a "" heißen {Hund=>hund} "" ( a literal translation of "" hot dog "" ) .",wiki_dev_645,"Richard Lederer , an author and professor of English , reports going to Germany and asking a vendor for a "" heißen Hund "" ( a literal translation of "" hot dog "" ) .","Richard Lederer , an author and English professor , reports going to Germany and asking a vendor for a "" heißen hund "" ( a literal translation of "" hot dog "" ) ."
3471075737,finalized,1,6/23/2023 17:57:02,,,,1.0,"- ""were"" was changed to ""was"" because it should be singular given the subject of the sentence.","Same Difference {were=>was} a British pop duo , made up of siblings Sean and Sarah Smith .",wiki_test_407,"Same Difference were a British pop duo , made up of siblings Sean and Sarah Smith .","Same Difference was a British pop duo , made up of siblings Sean and Sarah Smith ."
3471075738,finalized,1,6/23/2023 12:27:24,,,,1.0,"-This word fits a bit better in this context.
-'Optional' is the correct word here.","To sum up , it is a big school where you have a lot of interesting {lessons=>classes} and some {optionaly=>optional} activities to do in your free time .",fce_test_775,"To sum up , it is a big school where you have a lot of interesting lessons and some optionaly activities to do in your free time .","To sum up , it is a big school where you have a lot of interesting classes and some optional activities to do in your free time ."
3471075739,finalized,1,6/23/2023 12:17:26,,,,1.0,"-This edit fixes the spelling and tense of 'apologize;' it also changes the comma to a period so that the clauses are correctly punctuated.
-The correct word choice here is 'without,' given the context.","Obviously , Pat first refused , but then she accepted that she was wrong {=>and apologized to Maria . After that} , {and apologyse Maria , after then=>} Pat never again talked about someone {within=>without} his or her permission .",fce_dev_52,"Obviously , Pat first refused , but then she accepted that she was wrong , and apologyse Maria , after then Pat never again talked about someone within his or her permission .","Obviously , Pat first refused , but then she accepted that she was wrong and apologized to Maria . After that , Pat never again talked about someone without his or her permission ."
3471075740,finalized,1,6/22/2023 13:29:51,,,,1.0,"-A comma splice was removed.
-The noun 'cleaver' (which is a tool for cutting meat) was replaced with the adjective 'clever' (which means crafty or smart).
-The spelling of 'which' was corrected and a comma was inserted because it is introducing a nonrestrictive clause.
-A comma splice was removed.
-'Thing' is the correct word choice here instead of 'think.'
-The superlative 'most' better fits the intended meaning, and it should follow 'liked' instead of precede it.","I think {,=>} it was very {cleaver=>clever} of me to record that moment {wich=>, which} I will never {=>,} ever forget , and that was the {think that=>thing} I {more=>} liked {=>the most out} of that experience .",fce_test_669,"I think , it was very cleaver of me to record that moment wich I will never ever forget , and that was the think that I more liked of that experience .","I think it was very clever of me to record that moment , which I will never , ever forget , and that was the thing I liked the most out of that experience ."
3471075741,finalized,1,6/22/2023 16:47:14,,The only edit is incorrect.,not_annotatable,1.0,incorrect,"The .30 Carbine is a smaller and lighter {.30=>. 30} caliber ( 7.62 mm ) pistol round , very different , in both design and performance , from the .30 - '06 used in the Garand .",wiki_dev_615,"The .30 Carbine is a smaller and lighter .30 caliber ( 7.62 mm ) pistol round , very different , in both design and performance , from the .30 - '06 used in the Garand .","The .30 Carbine is a smaller and lighter . 30 caliber ( 7.62 mm ) pistol round , very different , in both design and performance , from the .30 - '06 used in the Garand ."
3471075742,finalized,1,6/22/2023 20:26:04,,,,1.0,"- A comma can be added after ""so"" depending on the style guide being followed.","So {=>,} she asked me to fill her position .",fce_test_29,So she asked me to fill her position .,"So , she asked me to fill her position ."
3471075743,finalized,1,6/22/2023 16:31:35,,,,1.0,"-Here, an Oxford comma is added.
-This edit corrects the spelling of 'truly.'","He played for several clubs in Brazil , including ( in chronological order ) Coritiba , Santos , Vitória {=>,} and Grêmio , and after that , his destiny is uncertain , and it is unknown if he is {trully=>truly} retired .",wiki_test_28,"He played for several clubs in Brazil , including ( in chronological order ) Coritiba , Santos , Vitória and Grêmio , and after that , his destiny is uncertain , and it is unknown if he is trully retired .","He played for several clubs in Brazil , including ( in chronological order ) Coritiba , Santos , Vitória , and Grêmio , and after that , his destiny is uncertain , and it is unknown if he is truly retired ."
3471075744,finalized,1,6/23/2023 14:35:17,,,,1.0,"-This edit inserts a necessary article for the noun 'retrospective album' and also corrects the spelling.
-These two edits correct the album name so that it is enclosed in quotation marks, and it also adds a necessary verb, 'was.'
-This edit adds a needed preposition, 'in.'","{Retrospective abum=>A retrospective album} of early singles called {'=>""} 1234 {=>:} The Early Singles {'=>"" was} released {=>in} 2006 .",wiki_dev_49,Retrospective abum of early singles called ' 1234 The Early Singles ' released 2006 .,"A retrospective album of early singles called "" 1234 : The Early Singles "" was released in 2006 ."
3471075745,finalized,1,6/22/2023 20:16:07,,,,1.0,"- ""building"" was de-capitalized to follow capitalization rules for common nouns in English.",The {Building=>building} 's original cost of $ 200 million was increased to $ 350 million over the course of construction .,wiki_test_416,The Building 's original cost of $ 200 million was increased to $ 350 million over the course of construction .,The building 's original cost of $ 200 million was increased to $ 350 million over the course of construction .
3471075746,finalized,1,6/23/2023 17:09:08,,,,1.0,"- A comma was added to a list to adhere to certain grammar or style guide rules.
- ""into"" is not the correct preposition so it was changed to ""in.""","I would like to stress that very often famous people become reserved , bad-tempered {=>,} and angry with the world for interfering {into=>in} their lives .",fce_test_314,"I would like to stress that very often famous people become reserved , bad-tempered and angry with the world for interfering into their lives .","I would like to stress that very often famous people become reserved , bad-tempered , and angry with the world for interfering in their lives ."
3471075747,finalized,1,6/23/2023 16:28:21,,,,1.0,- A comma was added after a noun phrase that provides more information about the daughter.,"They have a daughter , Harlow Winter Kate Richie Madden ( born January 11 , 2008 ) {=>,} and a son , Sparrow James Midnight Richie Madden ( born September 9 , 2009 ) .",wiki_test_893,"They have a daughter , Harlow Winter Kate Richie Madden ( born January 11 , 2008 ) and a son , Sparrow James Midnight Richie Madden ( born September 9 , 2009 ) .","They have a daughter , Harlow Winter Kate Richie Madden ( born January 11 , 2008 ) , and a son , Sparrow James Midnight Richie Madden ( born September 9 , 2009 ) ."
3471075748,finalized,1,6/22/2023 13:53:07,,,,1.0,-The original is overly wordy and clunky.,I hope my recommendations will help you {in the choice of=>choose} a building to visit .,fce_test_320,I hope my recommendations will help you in the choice of a building to visit .,I hope my recommendations will help you choose a building to visit .
3471075750,finalized,1,6/22/2023 16:19:53,,,,1.0,-'Alongside' should be one word.,"In 2008 , she was their national ambassador and worked {along side=>alongside} construction companies to build 280 energy efficient homes in a week .",wiki_test_586,"In 2008 , she was their national ambassador and worked along side construction companies to build 280 energy efficient homes in a week .","In 2008 , she was their national ambassador and worked alongside construction companies to build 280 energy efficient homes in a week ."
3471075751,finalized,1,6/23/2023 16:24:25,,,,1.0,"- ""it"" was removed because unless ""it"" was preceded by ""in,"" it is ungrammatical.",When the show started the person who was acting {it=>} was not Danny Brook and he seemed not to be an actor .,fce_test_806,When the show started the person who was acting it was not Danny Brook and he seemed not to be an actor .,When the show started the person who was acting was not Danny Brook and he seemed not to be an actor .
3471075752,finalized,1,6/22/2023 16:35:37,,,,1.0,"-Because 'the Orioles' is plural, this edit corrects 'its' to 'their' in order to ensure the noun and verb agree.","Since , the Orioles have played {its=>their} home games at Oriole Park at Camden Yards .",wiki_test_688,"Since , the Orioles have played its home games at Oriole Park at Camden Yards .","Since , the Orioles have played their home games at Oriole Park at Camden Yards ."
3471075753,finalized,1,6/22/2023 22:28:26,,,,1.0,"- ""With"" was added to make the sentence grammatical.","{His=>With his} appeal rejected , Cromwell 's veteran troops went on to defeat Scottish armies at the Dunbar and the Worcester .",wiki_dev_59,"His appeal rejected , Cromwell 's veteran troops went on to defeat Scottish armies at the Dunbar and the Worcester .","With his appeal rejected , Cromwell 's veteran troops went on to defeat Scottish armies at the Dunbar and the Worcester ."
3471075754,finalized,1,6/22/2023 18:38:00,,,,1.0,"- ""The"" was capitalized because the first word in a sentence is capitalized in English.",{the=>The} rules at home are very different .,fce_dev_29,the rules at home are very different .,The rules at home are very different .
3471075756,finalized,1,6/22/2023 20:17:15,,,,1.0,"- The addition of the article ""the"" is corrected here because something specific is being referred to.
- ""the more immature"" is a correction for a spelling error.","{Sexes=>The sexes} are similar , but {immatures=>the more immature} are paler and duller .",wiki_test_843,"Sexes are similar , but immatures are paler and duller .","The sexes are similar , but the more immature are paler and duller ."
3471075757,finalized,1,6/23/2023 13:01:06,,,,1.0,"-This edit replaces 'created' for 'made' for stylistic reasons.
-'A' is deleted here because it cannot coexist grammatically with 'one' in this context.
-This edit adds a comma because the following is a nonrestrictive clause.
-Because what follows is a quotation, there needs to be a comma here.
-Because this is the start of a quote, it is capitalized.
-This quote needs closing quotation marks to be grammatical.","Goldsmith stood no chance of victory , but the declaration {made=>created} one {a=>} memorable moment - Mellor lost his seat to the Labour candidate and was taunted by Goldsmith {=>,} who clapped his hands slowly and {chanted=>chanted,} "" {out=>Out} , out , out ! {=>""}",wiki_dev_528,"Goldsmith stood no chance of victory , but the declaration made one a memorable moment - Mellor lost his seat to the Labour candidate and was taunted by Goldsmith who clapped his hands slowly and chanted "" out , out , out !","Goldsmith stood no chance of victory , but the declaration created one memorable moment - Mellor lost his seat to the Labour candidate and was taunted by Goldsmith , who clapped his hands slowly and chanted, "" Out , out , out ! """
3471075758,finalized,1,6/23/2023 16:23:12,,,,1.0,- A comma was added after the introductory phrase.,"For $ 500 per week {=>,} he would draw twenty-five sketches in fifteen minutes before live audiences , with a pit band playing a piece called "" Dream of the Rarebit Fiend "" in the background .",wiki_dev_340,"For $ 500 per week he would draw twenty-five sketches in fifteen minutes before live audiences , with a pit band playing a piece called "" Dream of the Rarebit Fiend "" in the background .","For $ 500 per week , he would draw twenty-five sketches in fifteen minutes before live audiences , with a pit band playing a piece called "" Dream of the Rarebit Fiend "" in the background ."
3471075759,finalized,1,6/22/2023 16:37:36,,-Because the only edit is incorrect.,not_annotatable,1.0,-incorrect: this edit deletes a period for no apparent reason.,"The oersted is defined as 1000 / 4π ( ≈ 79.5774715 ) ampere-turnss per meter of flux path , in terms of SI units {.=>}",wiki_test_940,"The oersted is defined as 1000 / 4π ( ≈ 79.5774715 ) ampere-turnss per meter of flux path , in terms of SI units .","The oersted is defined as 1000 / 4π ( ≈ 79.5774715 ) ampere-turnss per meter of flux path , in terms of SI units"
3471075760,finalized,1,6/22/2023 16:49:04,,,,1.0,-A comma is needed here before the quotation.,"On some copies of the DVD , as Baltz completes the line , a voice can be heard off-screen saying {=>,} "" Oh , no , no ... "" The ad-lib also compounded Madsen 's reluctance to film the scene to begin with , due to his real-life aversion to violence .",wiki_test_885,"On some copies of the DVD , as Baltz completes the line , a voice can be heard off-screen saying "" Oh , no , no ... "" The ad-lib also compounded Madsen 's reluctance to film the scene to begin with , due to his real-life aversion to violence .","On some copies of the DVD , as Baltz completes the line , a voice can be heard off-screen saying , "" Oh , no , no ... "" The ad-lib also compounded Madsen 's reluctance to film the scene to begin with , due to his real-life aversion to violence ."
3471075761,finalized,1,6/22/2023 16:06:51,,,,1.0,"-This edit inserts 'be' because the restaurant will be in the state of being open for that duration.
-'Finish' here needs to be corrected to either 'is finished' or 'finishes' to be grammatical.",The restaurant should {=>be} open until the show {finish=>is finished} .,fce_test_746,The restaurant should open until the show finish .,The restaurant should be open until the show is finished .
3471075762,finalized,1,6/22/2023 20:12:20,,it should be fourteen-member,not_annotatable,1.0,,"The melodies were arranged for the {fourteen=>fourteenth} member cast by long-time Bruton collaborator Tristan Cosino , who also coached and directed the ensemble .",wiki_dev_802,"The melodies were arranged for the fourteen member cast by long-time Bruton collaborator Tristan Cosino , who also coached and directed the ensemble .","The melodies were arranged for the fourteenth member cast by long-time Bruton collaborator Tristan Cosino , who also coached and directed the ensemble ."
3471075763,finalized,1,6/23/2023 12:49:01,,,,1.0,"-'Tote boards' should be spelled as two words.
-'Tote board' should be spelled as two words.
-This verb construction fits the context better than the original.","Some Contestants ' Row displays even have video screens ( as used on the UK 's "" Bruce 's Price is Right "" and the recent Australian version in 2003 ) to display bids instead of {toteboards=>tote boards} ( the traditional {toteboard=>tote board} on the US version was manufactured in the 1970 's , and is no longer {=>being} manufactured ) .",wiki_test_822,"Some Contestants ' Row displays even have video screens ( as used on the UK 's "" Bruce 's Price is Right "" and the recent Australian version in 2003 ) to display bids instead of toteboards ( the traditional toteboard on the US version was manufactured in the 1970 's , and is no longer manufactured ) .","Some Contestants ' Row displays even have video screens ( as used on the UK 's "" Bruce 's Price is Right "" and the recent Australian version in 2003 ) to display bids instead of tote boards ( the traditional tote board on the US version was manufactured in the 1970 's , and is no longer being manufactured ) ."
3471075764,finalized,1,6/23/2023 13:13:44,,,,1.0,"-This noun needs to be hyphenated. 
-'MEN' is put in quotation marks here because it is a publication; the period replaces the comma here because the two independent clauses are being joined without coordinating conjunction; alternatively, a semicolon could be used.
-This edit changes the word to reflect the American English  spelling.","An example of this {cross referencing=>cross-referencing} is that on the cover of {the MEN everyday , there=>""MEN"" every day . There} is a reference to a news feature or {programme=>program} on Channel M that evening .",wiki_dev_267,"An example of this cross referencing is that on the cover of the MEN everyday , there is a reference to a news feature or programme on Channel M that evening .","An example of this cross-referencing is that on the cover of ""MEN"" every day . There is a reference to a news feature or program on Channel M that evening ."
3471075765,finalized,1,6/22/2023 14:04:52,,,,1.0,-The capitalization is regularized.,"That season , his record was four wins and five losses with a 3.75 {Earned Run Average=>earned run average} and 79 strikeouts in 72 innings of work .",wiki_test_845,"That season , his record was four wins and five losses with a 3.75 Earned Run Average and 79 strikeouts in 72 innings of work .","That season , his record was four wins and five losses with a 3.75 earned run average and 79 strikeouts in 72 innings of work ."
3471075768,finalized,1,6/23/2023 16:14:41,,,,1.0,"- The comma was removed because this is not the conjunction of two independent clauses.
- Spelling correction.
- The movie title was put in quotes to adhere to some style guide rules.","The film is the last in the series {,=>} but was followed by an {unnoficial=>unofficial} sequel , called {Raptor ,=>""Raptor ,""} about dinosaurs attacking a small town .",wiki_test_891,"The film is the last in the series , but was followed by an unnoficial sequel , called Raptor , about dinosaurs attacking a small town .","The film is the last in the series but was followed by an unofficial sequel , called ""Raptor ,"" about dinosaurs attacking a small town ."
3471075769,finalized,1,6/22/2023 17:03:00,,,,1.0,"- ""favour"" was changed to ""favor"" because that is the American English first. 
- ""forst"" was a spelling error that was corrected with ""first.""","His concept of recapitulation has been refuted in the form he gave it ( now called "" strong recapitulation "" ) , in {favour=>favor} of the ideas {forst=>first} advanced by Karl Ernst von Baer .",wiki_dev_547,"His concept of recapitulation has been refuted in the form he gave it ( now called "" strong recapitulation "" ) , in favour of the ideas forst advanced by Karl Ernst von Baer .","His concept of recapitulation has been refuted in the form he gave it ( now called "" strong recapitulation "" ) , in favor of the ideas first advanced by Karl Ernst von Baer ."
3471075770,finalized,1,6/23/2023 17:07:26,,,,1.0,"- The second ""l"" was removed to correct a spelling error.",We hope to see you at the party and have a {wonderfull=>wonderful} time together .,fce_dev_193,We hope to see you at the party and have a wonderfull time together .,We hope to see you at the party and have a wonderful time together .
3471075771,finalized,1,6/22/2023 16:16:24,,,,1.0,"-This edit corrects the noun so that it is plural.
-This edit corrects the noun so that it is plural.","As allegations of jamming by Ethiopia continued , VOA was also accused of censoring news about {death=>deaths} of civilians at the {hand=>hands} of the opposition .",wiki_test_387,"As allegations of jamming by Ethiopia continued , VOA was also accused of censoring news about death of civilians at the hand of the opposition .","As allegations of jamming by Ethiopia continued , VOA was also accused of censoring news about deaths of civilians at the hands of the opposition ."
3471075772,finalized,1,6/23/2023 17:30:50,,,,1.0,"- The first letter of the first word in the sentence was capitalized to adhere to English grammar rules. 
- Since there was no opening parenthesis, the closing one was removed.","{born=>Born} February 5 , 1975 in Magnitogorsk , Chelyabinsk Oblast {)=>} is a retired male weightlifter from the Ukraine .",wiki_dev_751,"born February 5 , 1975 in Magnitogorsk , Chelyabinsk Oblast ) is a retired male weightlifter from the Ukraine .","Born February 5 , 1975 in Magnitogorsk , Chelyabinsk Oblast is a retired male weightlifter from the Ukraine ."
3471075773,finalized,1,6/23/2023 17:53:51,,,,1.0,"- A comma was added before a relative clause. 
- ""post"" was changed to ""mail,"" which is the American English spelling.","I must sign off {=>,} as I want to catch the {post=>mail} .",fce_test_280,I must sign off as I want to catch the post .,"I must sign off , as I want to catch the mail ."
3471075775,finalized,1,6/23/2023 12:24:15,,,,1.0,"-'Stay' needs a preposition and cannot take a noun as a direct object because it is intransitive. 
-'Tent' either needs this article or to be made plural.","I usually stay {=>in} a tent during camping . Actually , I do n't like {=>the} tent so much .",fce_dev_836,"I usually stay a tent during camping . Actually , I do n't like tent so much .","I usually stay in a tent during camping . Actually , I do n't like the tent so much ."
3471075776,finalized,1,6/22/2023 16:33:37,,,,1.0,-This style edit reduces the complexity of the phrase.,"Moreover , I have been thinking about changing the location because , as you probably already know , some concert halls were not big enough to let everybody {who wanted go=>} in .",fce_dev_86,"Moreover , I have been thinking about changing the location because , as you probably already know , some concert halls were not big enough to let everybody who wanted go in .","Moreover , I have been thinking about changing the location because , as you probably already know , some concert halls were not big enough to let everybody in ."
3471075777,finalized,1,6/22/2023 19:55:09,,,,1.0,"- A comma was added to follow grammar rules for lists in English.
- ""sprung suspensions"" corrects ""spring"" because of ""stiffly,"" and ""suspensions"" was deleted because it was replaced.","With modern {=>,} overdamped , stiffly {spring=>sprung suspensions} , {suspensions=>} this is less likely to be effective .",wiki_test_558,"With modern overdamped , stiffly spring , suspensions this is less likely to be effective .","With modern , overdamped , stiffly sprung suspensions , this is less likely to be effective ."
3471075779,finalized,1,6/23/2023 14:33:42,,,,1.0,"-This edit sets off the nonrestrictive clause in commas and puts the film title in quotation marks.
-This edit corrects the gender agreement for the pronoun.","Emma Frost will appear in the upcoming 2009 film {X-Men=>, ""X-Men} Origins : Wolverine {=>,""} in which {he=>she} will be played by Tahyna Tozzi .",wiki_test_544,Emma Frost will appear in the upcoming 2009 film X-Men Origins : Wolverine in which he will be played by Tahyna Tozzi .,"Emma Frost will appear in the upcoming 2009 film , ""X-Men Origins : Wolverine ,"" in which she will be played by Tahyna Tozzi ."
3471075780,finalized,1,6/23/2023 16:57:43,,,,1.0,- A comma was added after the year in the date to adhere to grammar rules.,"The Acorn to Oak ( Bellota A Roble ) project was started on March 24 , 2006 {=>,} to ultimately establish a private , Latter-day Saint university in Latin America .",wiki_test_122,"The Acorn to Oak ( Bellota A Roble ) project was started on March 24 , 2006 to ultimately establish a private , Latter-day Saint university in Latin America .","The Acorn to Oak ( Bellota A Roble ) project was started on March 24 , 2006 , to ultimately establish a private , Latter-day Saint university in Latin America ."
3471075782,finalized,1,6/22/2023 13:34:38,,,,1.0,-'Relevant' is moved to apply to the noun because this construction is more common and natural sounding in American English.,Two other early {=>relevant} writers {relevant=>} on dependency theory were François Perroux and Kurt Rothschild .,wiki_dev_458,Two other early writers relevant on dependency theory were François Perroux and Kurt Rothschild .,Two other early relevant writers on dependency theory were François Perroux and Kurt Rothschild .
3471075784,finalized,1,6/22/2023 14:05:28,,,,1.0,-'Jiu-Jitsu' is spelled with a hyphen.,"Peter K. Sell , commonly referred to as Drago ( born on August 5,1982 in West Islip , New York ) is an American mixed martial artist specializing in Brazilian {Jiu Jitsu=>Jiu-Jitsu} .",wiki_test_181,"Peter K. Sell , commonly referred to as Drago ( born on August 5,1982 in West Islip , New York ) is an American mixed martial artist specializing in Brazilian Jiu Jitsu .","Peter K. Sell , commonly referred to as Drago ( born on August 5,1982 in West Islip , New York ) is an American mixed martial artist specializing in Brazilian Jiu-Jitsu ."
3471075785,finalized,1,6/22/2023 16:16:40,,It's unclear if this is meaning changing,not_annotatable,1.0,I think this revision might be meaning changing,I wonder if I can {take=>bring} them as well .,fce_dev_772,I wonder if I can take them as well .,I wonder if I can bring them as well .
3471075786,finalized,1,6/22/2023 20:08:28,,,,1.0,- Commas were added to adhere to  grammar rules that a comma should be added before a conjunction and before relative clauses.,"Sometimes it is necessary and sometimes not {=>,} and overall {=>,} it is not always enjoyable .",fce_test_452,Sometimes it is necessary and sometimes not and overall it is not always enjoyable .,"Sometimes it is necessary and sometimes not , and overall , it is not always enjoyable ."
3471075788,finalized,1,6/22/2023 18:26:10,,,,1.0,"- ""With"" is the correct preposition when it precedes ""the.""",I 'm pleased to be able to help you {for=>with} the international student conference .,fce_dev_693,I 'm pleased to be able to help you for the international student conference .,I 'm pleased to be able to help you with the international student conference .
3471075790,finalized,1,6/22/2023 14:03:04,,,,1.0,"-'The audience' is a singular noun, which means the verb 'to have' should be conjugated to reflect the 3rd person singular, which would be 'has.'
-A comma is needed here because the two clauses are being joined with a coordinating conjunction.","Second thing , you should open the show on time because if the audience {have=>has} to wait , they will not feel happy {=>,} but I think you know that .",fce_dev_701,"Second thing , you should open the show on time because if the audience have to wait , they will not feel happy but I think you know that .","Second thing , you should open the show on time because if the audience has to wait , they will not feel happy , but I think you know that ."
3471075792,finalized,1,6/22/2023 16:41:13,,,,1.0,"- ""organisation"" was changed to ""organization"" which is the American English spelling.
- De-capitalizing ""Second"" is incorrect because ""Second Sino-Japanese War"" is a proper noun.
- Changing ""1937-38"" to ""1937-1938"" makes the text more readable and easier to understand.",The battalion 's original {organisation=>organization} and tactics were based around Communist Chinese precepts Carlson had witnessed while he was an observer with the Communists during the {Second=>second} Sino-Japanese War between {1937-38=>1937-1938} .,wiki_dev_239,The battalion 's original organisation and tactics were based around Communist Chinese precepts Carlson had witnessed while he was an observer with the Communists during the Second Sino-Japanese War between 1937-38 .,The battalion 's original organization and tactics were based around Communist Chinese precepts Carlson had witnessed while he was an observer with the Communists during the second Sino-Japanese War between 1937-1938 .
3471075793,finalized,1,6/22/2023 20:19:26,,,,1.0,"- The article ""a"" is needed because it is needed before the adjective ""boring.""","That was {=>a} bit boring , but it was part of my job .",fce_dev_734,"That was bit boring , but it was part of my job .","That was a bit boring , but it was part of my job ."
3471075794,finalized,1,6/23/2023 17:28:05,,,,1.0,"- Removing the article and making ""New Zealand"" plural makes the sentence more natural sounding.",{The=>} New {Zealand=>Zealand's} 20 cent coin is the second lowest denomination coin of the New Zealand dollar .,wiki_dev_86,The New Zealand 20 cent coin is the second lowest denomination coin of the New Zealand dollar .,New Zealand's 20 cent coin is the second lowest denomination coin of the New Zealand dollar .
3471075795,finalized,1,6/22/2023 22:29:26,,,,1.0,"- The spelling of ""suppost"" was corrected to ""supposed.""
- The format of ""19.30"" was corrected to ""19:30"" to match American English standards.","Then the show was {suppost=>supposed} to start at {19.30=>19 : 30} hours but it started at 20 : 15 , more than half an hour later .",fce_dev_347,"Then the show was suppost to start at 19.30 hours but it started at 20 : 15 , more than half an hour later .","Then the show was supposed to start at 19 : 30 hours but it started at 20 : 15 , more than half an hour later ."
3471075796,finalized,1,6/22/2023 18:22:58,"Changing ""feelings"" to ""opinions"" sounds more natural, but this could be meaning changing.",,,1.0,"- ""Unfortunalety"" is changed to ""Unfortunately,"" which fixes a spelling error and adds the correct punctuation. 
- Changing ""feelings"" to ""opinions"" sounds more natural, but this could be meaning changing.","{Unfortunalety=>Unfortunately ,} my {feelings=>opinions} are rather bad .",fce_dev_500,Unfortunalety my feelings are rather bad .,"Unfortunately , my opinions are rather bad ."
3471075797,finalized,1,6/22/2023 20:45:30,,,,1.0,"- ""harbour"" was corrected to the American English spelling, ""harbor.""
- A hyphen was added to correct the spelling error.","Situated at 54 ° North , the {harbour=>harbor} is the {northwesternmost=>north-westernmost} port in North America to be linked to the continent 's railway network .",wiki_dev_877,"Situated at 54 ° North , the harbour is the northwesternmost port in North America to be linked to the continent 's railway network .","Situated at 54 ° North , the harbor is the north-westernmost port in North America to be linked to the continent 's railway network ."
3471075799,finalized,1,6/22/2023 19:42:05,,,,1.0,"- The spelling of ""organiser"" was changed to ""organizer,"" which is the American English spelling.
- The commas were removed to follow English punctuation rules.
- ""does"" was changed to ""do"" to match the number of ""people.""","The {organiser=>organizer} of the concert asked my school for about 15 people {,=>} who {does=>do} art {,=>} to help decorate the stage .",fce_test_753,"The organiser of the concert asked my school for about 15 people , who does art , to help decorate the stage .",The organizer of the concert asked my school for about 15 people who do art to help decorate the stage .
3471075800,finalized,1,6/22/2023 16:15:13,,,,1.0,"-This edit changes the spelling to the American English spelling.
-This edit changes the spelling to the American English spelling.
-This edit adds a needed comma because the two independent clauses are joined with a coordinating conjunction.","The {centre=>center} stands 15 {metres=>meters} above the {ground=>ground,} and its sole support comes from the structure around its two lift shafts - it is approximately the same height as the Pavilion directly opposite it on the other side of the ground .",wiki_dev_469,The centre stands 15 metres above the ground and its sole support comes from the structure around its two lift shafts - it is approximately the same height as the Pavilion directly opposite it on the other side of the ground .,"The center stands 15 meters above the ground, and its sole support comes from the structure around its two lift shafts - it is approximately the same height as the Pavilion directly opposite it on the other side of the ground ."
3471075801,finalized,1,6/22/2023 13:16:12,,,,1.0,"-'Centre' was rewritten as 'center' to use the American English spelling.
-The comma was replaced with a semicolon because the two joined clauses are  independent clauses and there is no coordinating conjunction.","The {centre=>center} basically provides training in the hospitality sector to women who might not have that opportunity {,=>;} plus her end-of-the-day product is graciously given to a local YWCA women 's shelter or Out of the Cold Program .",wiki_dev_438,"The centre basically provides training in the hospitality sector to women who might not have that opportunity , plus her end-of-the-day product is graciously given to a local YWCA women 's shelter or Out of the Cold Program .",The center basically provides training in the hospitality sector to women who might not have that opportunity ; plus her end-of-the-day product is graciously given to a local YWCA women 's shelter or Out of the Cold Program .
3471075803,finalized,1,6/22/2023 20:21:27,,,,1.0,"- When contrasting in this form, ""of"" is needed.
- The comma was removed because the conjunction ""and"" is not being used to conjoin two independent clauses in this sentence.","The metric system of Old English poetry was different from that {=>of} modern English {,=>} and more related to the verse forms of most of the older Germanic languages .",wiki_test_653,"The metric system of Old English poetry was different from that modern English , and more related to the verse forms of most of the older Germanic languages .",The metric system of Old English poetry was different from that of modern English and more related to the verse forms of most of the older Germanic languages .
3471075804,finalized,1,6/23/2023 12:33:10,,,,1.0,"-This edit corrects the spelling of 'balloons.'
-This edit adds a necessary closing parenthesis.","Party {baloons=>balloons} also work wonders ( again , subject to any restrictions you may be under as to what you are allowed to use {=>)} .",wiki_dev_28,"Party baloons also work wonders ( again , subject to any restrictions you may be under as to what you are allowed to use .","Party balloons also work wonders ( again , subject to any restrictions you may be under as to what you are allowed to use ) ."
3471075805,finalized,1,6/22/2023 20:39:12,"""an"" -> ""a"" is incorrect",,,1.0,"- The closing quote in the name was corrected to be an apostrophe.
- The comma and period were put inside the quotations to follow certain style guide rules.","Israel {Kamakawiwoʻole=>Kamakawiwo'ole} 's album "" Facing {Future=>Future,} "" {,=>} released in 1993 , included {an=>a} ukulele medley of "" Over the Rainbow "" and "" What a Wonderful {World=>World.} "" {.=>}",wiki_dev_82,"Israel Kamakawiwoʻole 's album "" Facing Future "" , released in 1993 , included an ukulele medley of "" Over the Rainbow "" and "" What a Wonderful World "" .","Israel Kamakawiwo'ole 's album "" Facing Future, "" released in 1993 , included a ukulele medley of "" Over the Rainbow "" and "" What a Wonderful World. """
3471075806,finalized,1,6/22/2023 13:36:04,,,,1.0,"-A comma is inserted because what proceeds it is an introductory phrase.
-'This' is deleted because it makes the sentence structure needlessly complex.","In my opinion {=>,} there 's nothing special that I 'd like to change , maybe only {this ,=>} that I would n't have to change my boots .",fce_dev_271,"In my opinion there 's nothing special that I 'd like to change , maybe only this , that I would n't have to change my boots .","In my opinion , there 's nothing special that I 'd like to change , maybe only that I would n't have to change my boots ."
3471075809,finalized,1,6/22/2023 22:28:03,,,,1.0,"- ""any problems"" was added to match the sentence.
- ""to work"" was corrected to ""working"" because ""dislike"" requires a direct object.
- A comma was added before a conjunction to conjoin two independent clauses.
- Spelling of ""say"" was corrected to ""stay.""","In our class , we do n't have {problem=>any problems} with students who dislike {to work=>working} , because we are all there for the same reasons {=>,} and nobody wants to {say=>stay} there years and years .",fce_dev_447,"In our class , we do n't have problem with students who dislike to work , because we are all there for the same reasons and nobody wants to say there years and years .","In our class , we do n't have any problems with students who dislike working , because we are all there for the same reasons , and nobody wants to stay there years and years ."
3471075810,finalized,1,6/22/2023 13:53:29,,,,1.0,-'Disappeared' is the correct spelling of this word.,"He threw his lot in with Robert Curthose , who knighted him , and {dissapered=>disappeared} from history .",wiki_dev_570,"He threw his lot in with Robert Curthose , who knighted him , and dissapered from history .","He threw his lot in with Robert Curthose , who knighted him , and disappeared from history ."
3471075811,finalized,1,6/22/2023 16:40:43,,,,1.0,"-Here, there is a comma incorrectly joining two independent clauses. This solution replaces the comma with a period and fixes the resulting capitalization. Other solutions would include replacing the comma with a semicolon or  adding an 'and' between the comma and 'he.'","It is unknown whether he truly believes and knows his research had direct involvement with the outbreak {, he=>. He} is lying , or his explanation is an educated hypothesis .",wiki_test_62,"It is unknown whether he truly believes and knows his research had direct involvement with the outbreak , he is lying , or his explanation is an educated hypothesis .","It is unknown whether he truly believes and knows his research had direct involvement with the outbreak . He is lying , or his explanation is an educated hypothesis ."
3471075815,finalized,1,6/23/2023 16:39:51,,,,1.0,- A spelling error was corrected.,I {realy=>really} got to know them after the concert .,fce_test_196,I realy got to know them after the concert .,I really got to know them after the concert .
3471075816,finalized,1,6/22/2023 18:43:40,,,,1.0,"- ""really"" is the correct spelling, and the sentence needed the article ""a"" to be grammatical.",It was {relly=>really a} pity because I expected to see artists from France and Italy .,fce_dev_11,It was relly pity because I expected to see artists from France and Italy .,It was really a pity because I expected to see artists from France and Italy .
3471075817,finalized,1,6/23/2023 16:48:10,,,,1.0,"- ""the"" was added because ""computer's advanced technology"" requires an article.
- A comma was added before a relative clause.
- ""with"" was removed because ""contact"" requires a noun phrase as a direct object and not a preposition.","Apart from this , {=>the} computer 's advanced technology allows me to contact anyone at the moment that I want to , while five years ago when I did not have a computer , I had to write letters {=>,} which was a slower way to contact {with=>} people .",fce_test_102,"Apart from this , computer 's advanced technology allows me to contact anyone at the moment that I want to , while five years ago when I did not have a computer , I had to write letters which was a slower way to contact with people .","Apart from this , the computer 's advanced technology allows me to contact anyone at the moment that I want to , while five years ago when I did not have a computer , I had to write letters , which was a slower way to contact people ."
3471075822,finalized,1,6/22/2023 13:50:32,,,,1.0,"-Here, the tense is changed to past tense to better reflect the fact that this is a completed action. 'Some' replaces 'someone' because it is a general sentiment being expressed here as opposed to a specific person's opinion. 'Math' is also moved to make the sentence structure less clunky. 
-'Maths' is changed to 'math' to reflect the American English spelling/pronunciation. 
-'Practical' and 'useful' are rewritten to be spelled correctly, and they are moved to better fit the sentence structure.
-Again, 'says' is changed to the past tense.
-A comma splice is removed.
-The grammatically incorrect 'you're chose,' which is never a correct construction in English, is corrected to 'you choose.'
-'Charges all,' which does not have the intended meaning in English here, is replaced with 'uses,' which does.
-The possessive '-'s' is not needed here.
-The comma is inserted here, though really another word, like 'such,' should be included as well. 
-The comma is replaced with a semicolon because two independent clauses are being joined without a coordinating conjunction.","{Someone says=>Some said math because} it is {maths=>practical and useful} , {pratical , usefull=>} but the majority {says=>said} it is boring {,=>} unless you {'re chose=>choose} a job which {charges all=>uses} your math {'s=>} knowledge {=>,} as accounting {,=>;} otherwise you can use a calculator or a computer .",fce_test_324,"Someone says it is maths , pratical , usefull but the majority says it is boring , unless you 're chose a job which charges all your math 's knowledge as accounting , otherwise you can use a calculator or a computer .","Some said math because it is practical and useful , but the majority said it is boring unless you choose a job which uses your math knowledge , as accounting ; otherwise you can use a calculator or a computer ."
3471075823,finalized,1,6/23/2023 12:41:04,,,,1.0,"-'Lake' should be capitalized here because it is part of a proper noun.
-'Lake' should be capitalized here because it is part of a proper noun.","The Houghton {lake=>Lake} Heights is a small residential community located on the southwestern shore of Houghton {lake=>Lake} , Michigan .",wiki_dev_704,"The Houghton lake Heights is a small residential community located on the southwestern shore of Houghton lake , Michigan .","The Houghton Lake Heights is a small residential community located on the southwestern shore of Houghton Lake , Michigan ."
3471075824,finalized,1,6/22/2023 16:46:34,,,,1.0,"-These first two edits change the word order so that it sounds more natural in American English.
-This next edit deletes 'it' and changes 'has' to 'have' so that the plural noun  'clothes' agrees with the verb.
-This edit sounds more natural in American English.
-This edit correctly conjugates the verb into the conditional, 'were.'
-'Casino' here requires an article.
-This parenthetical needs to be set off with commas.","{The=>Now the} clothes {now=>} that they will wear {it has=>have} to be smart , not {how=>as if} you {are=>were} going to {=>a} casino {=>,} for example {=>,} but nice casual , not with sports shoes or T-shirts .",fce_dev_702,"The clothes now that they will wear it has to be smart , not how you are going to casino for example but nice casual , not with sports shoes or T-shirts .","Now the clothes that they will wear have to be smart , not as if you were going to a casino , for example , but nice casual , not with sports shoes or T-shirts ."
3471075825,finalized,1,6/23/2023 12:43:30,,,,1.0,"-This edit corrects the spelling of 'complain.'
-This edit incorrectly changes the spelling of 'Theatre' even though in this case it is part of a proper noun.",I am writing this letter to {complane=>complain} about the Circle {Theatre=>Theater} .,fce_dev_544,I am writing this letter to complane about the Circle Theatre .,I am writing this letter to complain about the Circle Theater .
3471075826,finalized,1,6/23/2023 16:22:47,,I think this edit is unnecessary and makes the sentence sound less natural.,not_annotatable,1.0,,It was a kind of map that showed the place for a lot of money which robbers {=>had} hid .,fce_test_104,It was a kind of map that showed the place for a lot of money which robbers hid .,It was a kind of map that showed the place for a lot of money which robbers had hid .
3471075827,finalized,1,6/22/2023 13:30:32,,,,1.0,-The spelling here is corrected to 'margin.',"He beat the previous record by a large {margine=>margin} , approximately 30 minutes .",wiki_dev_156,"He beat the previous record by a large margine , approximately 30 minutes .","He beat the previous record by a large margin , approximately 30 minutes ."
3471075828,finalized,1,6/22/2023 13:55:52,,,,1.0,"-The colon is deleted because it is ungrammatical in this situation.
-In American English, commas precede quotation marks.","This event was not what I call {:=>} "" a perfect evening out {=>,} "" {,=>} as your advertisement promised .",fce_test_566,"This event was not what I call : "" a perfect evening out "" , as your advertisement promised .","This event was not what I call "" a perfect evening out , "" as your advertisement promised ."
3471075829,finalized,1,6/23/2023 12:12:41,,,,1.0,"-This edit adds a necessary preposition.
-This edit replaces 'what,' which is ungrammatical in this context, with 'that.'","{West=>To the west} of the city rises the Cerro de las Mitras , so called because the profile {what=>that} looks like several bishop 's mitres can be seen along its edge .",wiki_dev_632,"West of the city rises the Cerro de las Mitras , so called because the profile what looks like several bishop 's mitres can be seen along its edge .","To the west of the city rises the Cerro de las Mitras , so called because the profile that looks like several bishop 's mitres can be seen along its edge ."
3471075830,finalized,1,6/23/2023 17:07:02,,,,1.0,"- Capitalization corrected to adhere to English grammar rules.
- Comma added after an introductory phrase.
- ""for starting"" was changed to ""to start"" because an infinitive is needed in this construction.","{AT=>At} seven o'clock on the dot {=>,} we went there {for starting=>to start} queueing .",fce_dev_440,AT seven o'clock on the dot we went there for starting queueing .,"At seven o'clock on the dot , we went there to start queueing ."
3471075831,finalized,1,6/23/2023 14:28:30,,,,1.0,"-These first two edits move the subject before the verb in order to fix the sentence's word order.
-This edit fixes the punctuation because the sentence is not actually a question.",I would like to ask you what type of clothes {=>I} should {I=>} bring {?=>.},fce_test_158,I would like to ask you what type of clothes should I bring ?,I would like to ask you what type of clothes I should bring .
3471075832,finalized,1,6/23/2023 17:56:08,,,,1.0,"- A spelling error was corrected.
- ""has"" was removed because it is redundant. 
- ""life"" was pluralized of the pronoun ""our.""","From the {begining=>beginning} of the century to now , modern technology has changed and {has=>} made our daily {life=>lives} easier .",fce_test_289,"From the begining of the century to now , modern technology has changed and has made our daily life easier .","From the beginning of the century to now , modern technology has changed and made our daily lives easier ."
3471075833,finalized,1,6/23/2023 13:25:25,,,,1.0,-This edit substitutes a more natural sounding prepositional phrase for this context.,It would be meaningful {in my life=>for me} to take part in your camp .,fce_test_772,It would be meaningful in my life to take part in your camp .,It would be meaningful for me to take part in your camp .
3471075834,finalized,1,6/22/2023 18:42:58,,"""the"" is used to clarify which journalists and removing it changes the meaning",not_annotatable,1.0,,That fact should be respected by {the=>} journalists .,fce_dev_621,That fact should be respected by the journalists .,That fact should be respected by journalists .
3471075835,finalized,1,6/22/2023 16:38:19,,,,1.0,-This is a style edit that simplifies the phrase's structure.,I was excited {that I had=>to get} a closer look at so many famous pop stars .,fce_test_348,I was excited that I had a closer look at so many famous pop stars .,I was excited to get a closer look at so many famous pop stars .
3471075836,finalized,1,6/22/2023 20:05:47,,,,1.0,- The period was put inside the quotations to follow certain style guides.,"There is no objective "" per se {"" .=>.""}",wiki_test_325,"There is no objective "" per se "" .","There is no objective "" per se ."""
3471075837,finalized,1,6/22/2023 16:21:12,,,,1.0,"- ""main line"" was changed to ""mainline"" which is the correct spelling for American English.",The nearest local airport and {main line=>mainline} train station are located at Wick and Thurso .,wiki_test_29,The nearest local airport and main line train station are located at Wick and Thurso .,The nearest local airport and mainline train station are located at Wick and Thurso .
3471075838,finalized,1,6/22/2023 20:04:16,,"""should"" does not mean the same as ""would,"" and this seems more like a style change rather than a GEC change.",not_annotatable,1.0,,"I have a baby and three dogs , so {it should=>log cabins would} be better {in log cabins=>} .",fce_dev_433,"I have a baby and three dogs , so it should be better in log cabins .","I have a baby and three dogs , so log cabins would be better ."
3471075840,finalized,1,6/22/2023 16:12:45,,This edit is meaning changing.,not_annotatable,1.0,-Incorrect: meaning changing,It is {to be=>} operated by the Toronto Transit Commission .,wiki_dev_821,It is to be operated by the Toronto Transit Commission .,It is operated by the Toronto Transit Commission .
3471075841,finalized,1,6/23/2023 14:27:07,,,,1.0,-A comma is inserted here because the two adjectives are interchangeable in terms of order.,"Adelaide has a hot Mediterranean climate ( Köppen climate classification "" Csa "" ) , which generally means mild {=>,} wet winters and hot , dry summers .",wiki_dev_165,"Adelaide has a hot Mediterranean climate ( Köppen climate classification "" Csa "" ) , which generally means mild wet winters and hot , dry summers .","Adelaide has a hot Mediterranean climate ( Köppen climate classification "" Csa "" ) , which generally means mild , wet winters and hot , dry summers ."
3471075842,finalized,1,6/22/2023 20:49:45,,these are not two independent clauses so the comma is incorrect,not_annotatable,1.0,,"The two return to find the Dark Mark over Hogwarts {=>,} and Death Eaters attacking students and teachers .",wiki_test_841,The two return to find the Dark Mark over Hogwarts and Death Eaters attacking students and teachers .,"The two return to find the Dark Mark over Hogwarts , and Death Eaters attacking students and teachers ."
3471075844,finalized,1,6/23/2023 12:10:38,,,,1.0,"-This word shouldn't be capitalized in this context.
-This edit inserted an Oxford comma.","Similar standards exist for automotive ( ISO 26262 ) , {Medical=>medical} ( IEC 62304 ) {=>,} and nuclear ( IEC 61513 ) {=>industries} .",wiki_test_196,"Similar standards exist for automotive ( ISO 26262 ) , Medical ( IEC 62304 ) and nuclear ( IEC 61513 ) .","Similar standards exist for automotive ( ISO 26262 ) , medical ( IEC 62304 ) , and nuclear ( IEC 61513 ) industries ."
3471075850,finalized,1,6/23/2023 17:41:00,,This looks meaning changing to me?,not_annotatable,1.0,,"After two seasons as a minor league coach , Foster became bullpen coach for the Florida Marlins from {=>2007} - {=>2009} , moving briefly into the pitching coach job toward the end of the 2007 season .",wiki_test_267,"After two seasons as a minor league coach , Foster became bullpen coach for the Florida Marlins from - , moving briefly into the pitching coach job toward the end of the 2007 season .","After two seasons as a minor league coach , Foster became bullpen coach for the Florida Marlins from 2007 - 2009 , moving briefly into the pitching coach job toward the end of the 2007 season ."
3471075851,finalized,1,6/22/2023 14:03:32,,,,1.0,-The correct spelling is 'companion.',They are envious and jealous of your {compnion=>companion} .,wiki_dev_473,They are envious and jealous of your compnion .,They are envious and jealous of your companion .
3471075852,finalized,1,6/23/2023 17:10:50,,,,1.0,"- ""with"" is more grammatical than ""having.""
- A comma was added before a relative clause.","Originally built with three operational units {having=>with} a design rating of 660MW MCR ( Maximum Continuous Rating ) , this was increased to 685MW during commissioning with practically no additional engineering works required {=>,} which is testament to the robust design standards rigorously upheld by the CEGB .",wiki_dev_913,"Originally built with three operational units having a design rating of 660MW MCR ( Maximum Continuous Rating ) , this was increased to 685MW during commissioning with practically no additional engineering works required which is testament to the robust design standards rigorously upheld by the CEGB .","Originally built with three operational units with a design rating of 660MW MCR ( Maximum Continuous Rating ) , this was increased to 685MW during commissioning with practically no additional engineering works required , which is testament to the robust design standards rigorously upheld by the CEGB ."
3471075853,finalized,1,6/22/2023 20:50:38,,,,1.0,"- The comma was added before the conjunction ""and"" that is used to conjoin the two independent clauses.","The music video was released on November 12 , 2009 {=>,} and the song was made available for download in the iTunes Store on December 1 , 2009 .",wiki_dev_742,"The music video was released on November 12 , 2009 and the song was made available for download in the iTunes Store on December 1 , 2009 .","The music video was released on November 12 , 2009 , and the song was made available for download in the iTunes Store on December 1 , 2009 ."
3471075854,finalized,1,6/23/2023 16:40:40,,,,1.0,"- Commas were added around the noun phrase ""Dean B. Zelinsky"" because it provides more information about the noun phrase ""the founder.""","After nearly ten years of production , the founder {=>,} Dean B. Zelinsky {=>,} decided that he no longer wanted to manufacture guitars and sold the company .",wiki_dev_586,"After nearly ten years of production , the founder Dean B. Zelinsky decided that he no longer wanted to manufacture guitars and sold the company .","After nearly ten years of production , the founder , Dean B. Zelinsky , decided that he no longer wanted to manufacture guitars and sold the company ."
3471075855,finalized,1,6/22/2023 16:48:26,,,,1.0,"-This edit corrects this participle to an adjective, 'bothersome.'","For the handicapped , going shopping is not easy and it can be very {bothering=>bothersome} unless shops have facilities for them .",fce_dev_360,"For the handicapped , going shopping is not easy and it can be very bothering unless shops have facilities for them .","For the handicapped , going shopping is not easy and it can be very bothersome unless shops have facilities for them ."
3471075857,finalized,1,6/23/2023 13:23:47,,,,1.0,"-'An' is the correct article here because eighteen begins with a vowel sound.
-This comma should not be used here because what follows is a dependent clause.
-This word should not be hyphenated.","The interior 's focal point is {a=>an} 18 ' or 5.5m rose window with flowing tracery , designed by Hugh Easton ( 1906-65 ) {,=>} and situated at the {east-end=>east end} above the high altar .",wiki_dev_809,"The interior 's focal point is a 18 ' or 5.5m rose window with flowing tracery , designed by Hugh Easton ( 1906-65 ) , and situated at the east-end above the high altar .","The interior 's focal point is an 18 ' or 5.5m rose window with flowing tracery , designed by Hugh Easton ( 1906-65 ) and situated at the east end above the high altar ."
3471075858,finalized,1,6/23/2023 12:19:08,,,,1.0,"-Because the  following word does not begin with a vowel sound, 'a' is the correct form of the article here.
-Because the phrase being punctuated here is parenthetical, it is set off with commas.","Ray Stantz owns {an=>a} science / occult book shop in Manhattan , {and=>and,} along with Winston {Zeddmore=>Zeddmore,} they put on special appearances at children 's birthday parties .",wiki_test_769,"Ray Stantz owns an science / occult book shop in Manhattan , and along with Winston Zeddmore they put on special appearances at children 's birthday parties .","Ray Stantz owns a science / occult book shop in Manhattan , and, along with Winston Zeddmore, they put on special appearances at children 's birthday parties ."
3471075859,finalized,1,6/23/2023 13:19:02,,,,1.0,"-This proper noun should be capitalized.
-'The' shouldn't be here because 'Tezpur University' is a proper noun.
-This edit deletes the ungrammatical 'for' and inserts a comma because what follows is a nonrestrictive clause.
-The noun here needs an article or to be plural.
-The correct preposition here  is 'to' instead of 'with.'
-There shouldn't be a space between the last word in the sentence and the period.","The {department=>Department} of Civil Engineering of {the=>} Tezpur University was established in the year 2009 under the School of {Engineering for=>Engineering,} offering {=>a} B.Tech Degree {with=>to} 16 {students .=>students.}",wiki_dev_104,The department of Civil Engineering of the Tezpur University was established in the year 2009 under the School of Engineering for offering B.Tech Degree with 16 students .,"The Department of Civil Engineering of Tezpur University was established in the year 2009 under the School of Engineering, offering a B.Tech Degree to 16 students."
